{
	"info": {
		"name": "LibrosSequelize",
		"_postman_id": "a2984af8-e324-3cf2-b311-1783224a2c58",
		"description": "",
		"schema": "https://schema.getpostman.com/json/collection/v2.1.0/collection.json"
	},
	"item": [
		{
			"name": "GET /autores",
			"request": {
				"method": "GET",
				"header": [],
				"body": {},
				"url": {
					"raw": "localhost:8080/autores",
					"host": [
						"localhost"
					],
					"port": "8080",
					"path": [
						"autores"
					]
				},
				"description": ""
			},
			"response": []
		},
		{
			"name": "POST /autores",
			"request": {
				"method": "POST",
				"header": [
					{
						"key": "Content-Type",
						"value": "application/json"
					}
				],
				"body": {
					"mode": "raw",
					"raw": "{\"nombre\": \"Autor de prueba 2\", \"nacimiento\": 1987}"
				},
				"url": {
					"raw": "localhost:8080/autores",
					"host": [
						"localhost"
					],
					"port": "8080",
					"path": [
						"autores"
					]
				},
				"description": ""
			},
			"response": []
		},
		{
			"name": "GET /autores/id",
			"request": {
				"method": "GET",
				"header": [],
				"body": {},
				"url": {
					"raw": "localhost:8080/autores/1",
					"host": [
						"localhost"
					],
					"port": "8080",
					"path": [
						"autores",
						"1"
					]
				},
				"description": ""
			},
			"response": []
		},
		{
			"name": "PUT /autores",
			"request": {
				"method": "PUT",
				"header": [
					{
						"key": "Content-Type",
						"value": "application/json"
					}
				],
				"body": {
					"mode": "raw",
					"raw": "{\"nombre\": \"Otro autor modificado\", \"nacimiento\": 1922}"
				},
				"url": {
					"raw": "localhost:8080/autores/2",
					"host": [
						"localhost"
					],
					"port": "8080",
					"path": [
						"autores",
						"2"
					]
				},
				"description": ""
			},
			"response": []
		},
		{
			"name": "DELETE /autores",
			"request": {
				"method": "DELETE",
				"header": [],
				"body": {},
				"url": {
					"raw": "localhost:8080/autores/3",
					"host": [
						"localhost"
					],
					"port": "8080",
					"path": [
						"autores",
						"3"
					]
				},
				"description": ""
			},
			"response": []
		},
		{
			"name": "GET /libros",
			"request": {
				"method": "GET",
				"header": [],
				"body": {},
				"url": {
					"raw": "localhost:8080/libros",
					"host": [
						"localhost"
					],
					"port": "8080",
					"path": [
						"libros"
					]
				},
				"description": ""
			},
			"response": []
		},
		{
			"name": "POST /libros",
			"request": {
				"method": "POST",
				"header": [
					{
						"key": "Content-Type",
						"value": "application/json"
					}
				],
				"body": {
					"mode": "raw",
					"raw": "{\"titulo\": \"Libro de prueba con autor\", \"editorial\": \"Ediciones XYZ\", \"autor\": 1}"
				},
				"url": {
					"raw": "localhost:8080/libros",
					"host": [
						"localhost"
					],
					"port": "8080",
					"path": [
						"libros"
					]
				},
				"description": ""
			},
			"response": []
		},
		{
			"name": "GET /libros/id",
			"request": {
				"method": "GET",
				"header": [],
				"body": {},
				"url": {
					"raw": "localhost:8080/libros/1",
					"host": [
						"localhost"
					],
					"port": "8080",
					"path": [
						"libros",
						"1"
					]
				},
				"description": ""
			},
			"response": []
		},
		{
			"name": "PUT /libros",
			"request": {
				"method": "PUT",
				"header": [
					{
						"key": "Content-Type",
						"value": "application/json"
					}
				],
				"body": {
					"mode": "raw",
					"raw": "{\"titulo\": \"Otro título con autor\", \"editorial\": \"Otra\"}"
				},
				"url": {
					"raw": "localhost:8080/libros/4",
					"host": [
						"localhost"
					],
					"port": "8080",
					"path": [
						"libros",
						"4"
					]
				},
				"description": ""
			},
			"response": []
		},
		{
			"name": "DELETE /libros",
			"request": {
				"method": "DELETE",
				"header": [],
				"body": {},
				"url": {
					"raw": "localhost:8080/libros/5",
					"host": [
						"localhost"
					],
					"port": "8080",
					"path": [
						"libros",
						"5"
					]
				},
				"description": ""
			},
			"response": []
		}
	]
}