{
	"info": {
		"_postman_id": "2286c1e5-4ff0-443a-9866-90797f0e9851",
		"name": "LibrosMySQL",
		"schema": "https://schema.getpostman.com/json/collection/v2.1.0/collection.json"
	},
	"item": [
		{
			"name": "GET /libros",
			"request": {
				"method": "GET",
				"header": [],
				"url": {
					"raw": "localhost:8080/libros",
					"host": [
						"localhost"
					],
					"port": "8080",
					"path": [
						"libros"
					]
				}
			},
			"response": []
		},
		{
			"name": "GET /libros/id",
			"request": {
				"method": "GET",
				"header": [],
				"url": {
					"raw": "localhost:8080/libros/2",
					"host": [
						"localhost"
					],
					"port": "8080",
					"path": [
						"libros",
						"2"
					]
				}
			},
			"response": []
		},
		{
			"name": "POST /libros",
			"request": {
				"method": "POST",
				"header": [
					{
						"key": "Content-Type",
						"name": "Content-Type",
						"value": "application/json",
						"type": "text"
					}
				],
				"body": {
					"mode": "raw",
					"raw": "{\"titulo\":\"El desorden de tu nombre\", \"autor\": \"J.J. Millás\", \"precio\": 9.45}",
					"options": {
						"raw": {
							"language": "json"
						}
					}
				},
				"url": {
					"raw": "localhost:8080/libros",
					"host": [
						"localhost"
					],
					"port": "8080",
					"path": [
						"libros"
					]
				}
			},
			"response": []
		},
		{
			"name": "PUT /libros/id",
			"request": {
				"method": "PUT",
				"header": [
					{
						"key": "Content-Type",
						"name": "Content-Type",
						"value": "application/json",
						"type": "text"
					}
				],
				"body": {
					"mode": "raw",
					"raw": "{\"titulo\":\"El club Dumas\", \"autor\":\"Arturo Pérez Reverte\", \"precio\": 11.25}",
					"options": {
						"raw": {
							"language": "json"
						}
					}
				},
				"url": {
					"raw": "localhost:8080/libros/5",
					"host": [
						"localhost"
					],
					"port": "8080",
					"path": [
						"libros",
						"5"
					]
				}
			},
			"response": []
		},
		{
			"name": "DELETE /libros/id",
			"request": {
				"method": "DELETE",
				"header": [],
				"url": {
					"raw": "localhost:8080/libros/6",
					"host": [
						"localhost"
					],
					"port": "8080",
					"path": [
						"libros",
						"6"
					]
				}
			},
			"response": []
		}
	],
	"protocolProfileBehavior": {}
}