{
	"info": {
		"_postman_id": "70acc9d4-8987-44d9-93b1-14c056cc915c",
		"name": "ContactosJSON",
		"schema": "https://schema.getpostman.com/json/collection/v2.1.0/collection.json"
	},
	"item": [
		{
			"name": "GET /contactos",
			"request": {
				"method": "GET",
				"header": [],
				"url": {
					"raw": "http://localhost:8080/contactos",
					"protocol": "http",
					"host": [
						"localhost"
					],
					"port": "8080",
					"path": [
						"contactos"
					]
				}
			},
			"response": []
		},
		{
			"name": "GET /contactos/telefono",
			"request": {
				"method": "GET",
				"header": [],
				"url": {
					"raw": "http://localhost:8080/contactos/telefono/965262861",
					"protocol": "http",
					"host": [
						"localhost"
					],
					"port": "8080",
					"path": [
						"contactos",
						"telefono",
						"965262861"
					]
				}
			},
			"response": []
		},
		{
			"name": "POST /contactos",
			"request": {
				"method": "POST",
				"header": [
					{
						"key": "Content-Type",
						"name": "Content-Type",
						"value": "application/json",
						"type": "text"
					}
				],
				"body": {
					"mode": "raw",
					"raw": "{\"nombre\": \"María\", \"edad\": 30, \"telefono\": \"677558833\"}"
				},
				"url": {
					"raw": "http://localhost:8080/contactos",
					"protocol": "http",
					"host": [
						"localhost"
					],
					"port": "8080",
					"path": [
						"contactos"
					]
				}
			},
			"response": []
		},
		{
			"name": "PUT /contactos",
			"request": {
				"method": "PUT",
				"header": [
					{
						"key": "Content-Type",
						"name": "Content-Type",
						"value": "application/json",
						"type": "text"
					}
				],
				"body": {
					"mode": "raw",
					"raw": "{\"nombre\":\"Jose\", \"edad\":50, \"telefono\": \"612345678\"}"
				},
				"url": {
					"raw": "http://localhost:8080/contactos/Pepe",
					"protocol": "http",
					"host": [
						"localhost"
					],
					"port": "8080",
					"path": [
						"contactos",
						"Pepe"
					]
				}
			},
			"response": []
		},
		{
			"name": "DELETE /contactos",
			"request": {
				"method": "DELETE",
				"header": [],
				"url": {
					"raw": "http://localhost:8080/contactos/Pepe",
					"protocol": "http",
					"host": [
						"localhost"
					],
					"port": "8080",
					"path": [
						"contactos",
						"Pepe"
					]
				}
			},
			"response": []
		}
	]
}