{
	"info": {
		"_postman_id": "06657826-28be-4750-9252-00aeabbef099",
		"name": "LibrosJSON",
		"schema": "https://schema.getpostman.com/json/collection/v2.1.0/collection.json"
	},
	"item": [
		{
			"name": "GET /libros",
			"request": {
				"method": "GET",
				"header": [],
				"url": {
					"raw": "http://localhost:8080/libros",
					"protocol": "http",
					"host": [
						"localhost"
					],
					"port": "8080",
					"path": [
						"libros"
					]
				}
			},
			"response": []
		},
		{
			"name": "GET /libros/id",
			"request": {
				"method": "GET",
				"header": [],
				"url": {
					"raw": "http://localhost:8080/libros/1",
					"protocol": "http",
					"host": [
						"localhost"
					],
					"port": "8080",
					"path": [
						"libros",
						"1"
					]
				}
			},
			"response": []
		},
		{
			"name": "POST /libros",
			"request": {
				"method": "POST",
				"header": [
					{
						"key": "Content-Type",
						"name": "Content-Type",
						"value": "application/json",
						"type": "text"
					}
				],
				"body": {
					"mode": "raw",
					"raw": "{\"id\":10, \"titulo\":\"El desorden de tu nombre\", \"autor\":\"Juan José Millás\", \"precio\": 6.90}"
				},
				"url": {
					"raw": "http://localhost:8080/libros",
					"protocol": "http",
					"host": [
						"localhost"
					],
					"port": "8080",
					"path": [
						"libros"
					]
				}
			},
			"response": []
		},
		{
			"name": "PUT /libros",
			"request": {
				"method": "PUT",
				"header": [
					{
						"key": "Content-Type",
						"name": "Content-Type",
						"value": "application/json",
						"type": "text"
					}
				],
				"body": {
					"mode": "raw",
					"raw": "{\"titulo\": \"El Señor de los Anillos. La comunidad del Anillo\", \"autor\": \"J.R.R. Tolkien\", \"precio\": 6.50}"
				},
				"url": {
					"raw": "localhost:8080/libros/2",
					"host": [
						"localhost"
					],
					"port": "8080",
					"path": [
						"libros",
						"2"
					]
				}
			},
			"response": []
		},
		{
			"name": "DELETE /libros",
			"request": {
				"method": "DELETE",
				"header": [],
				"url": {
					"raw": "http://localhost:8080/libros/4",
					"protocol": "http",
					"host": [
						"localhost"
					],
					"port": "8080",
					"path": [
						"libros",
						"4"
					]
				}
			},
			"response": []
		}
	]
}