{
	"info": {
		"_postman_id": "06657826-28be-4750-9252-00aeabbef099",
		"name": "LibrosJSON",
		"schema": "https://schema.getpostman.com/json/collection/v2.1.0/collection.json"
	},
	"item": [
		{
			"name": "GET /libros",
			"request": {
				"method": "GET",
				"header": [],
				"url": {
					"raw": "http://localhost:8080/libros",
					"protocol": "http",
					"host": [
						"localhost"
					],
					"port": "8080",
					"path": [
						"libros"
					]
				}
			},
			"response": []
		},
		{
			"name": "GET /libros/id",
			"request": {
				"method": "GET",
				"header": [],
				"url": {
					"raw": "http://localhost:8080/libros/1",
					"protocol": "http",
					"host": [
						"localhost"
					],
					"port": "8080",
					"path": [
						"libros",
						"1"
					]
				}
			},
			"response": []
		}
	]
}