{
	"info": {
		"_postman_id": "cb822e04-80a1-4259-a857-daadfe85762f",
		"name": "TareasNest",
		"schema": "https://schema.getpostman.com/json/collection/v2.1.0/collection.json"
	},
	"item": [
		{
			"name": "GET /tarea",
			"request": {
				"method": "GET",
				"header": [],
				"url": {
					"raw": "localhost:3000/tarea",
					"host": [
						"localhost"
					],
					"port": "3000",
					"path": [
						"tarea"
					]
				}
			},
			"response": []
		},
		{
			"name": "GET /tarea/id",
			"request": {
				"method": "GET",
				"header": [],
				"url": {
					"raw": "localhost:3000/tarea/2",
					"host": [
						"localhost"
					],
					"port": "3000",
					"path": [
						"tarea",
						"2"
					]
				}
			},
			"response": []
		},
		{
			"name": "POST /tarea",
			"request": {
				"method": "POST",
				"header": [
					{
						"key": "Content-Type",
						"name": "Content-Type",
						"value": "application/json",
						"type": "text"
					}
				],
				"body": {
					"mode": "raw",
					"raw": "{\"nombre\":\"Una tarea\", \"prioridad\":2, \"fecha\":\"2020-03-07\"}",
					"options": {
						"raw": {
							"language": "json"
						}
					}
				},
				"url": {
					"raw": "localhost:3000/tarea",
					"host": [
						"localhost"
					],
					"port": "3000",
					"path": [
						"tarea"
					]
				}
			},
			"response": []
		},
		{
			"name": "PUT /tarea/id",
			"request": {
				"method": "PUT",
				"header": [
					{
						"key": "Content-Type",
						"name": "Content-Type",
						"value": "application/json",
						"type": "text"
					}
				],
				"body": {
					"mode": "raw",
					"raw": "{\"nombre\":\"Tarea modificada\", \"prioridad\":1, \"fecha\":\"2020-04-07\"}",
					"options": {
						"raw": {
							"language": "json"
						}
					}
				},
				"url": {
					"raw": "localhost:3000/tarea/2",
					"host": [
						"localhost"
					],
					"port": "3000",
					"path": [
						"tarea",
						"2"
					]
				}
			},
			"response": []
		},
		{
			"name": "DELETE /tarea/id",
			"request": {
				"method": "DELETE",
				"header": [],
				"url": {
					"raw": "localhost:3000/tarea/2",
					"host": [
						"localhost"
					],
					"port": "3000",
					"path": [
						"tarea",
						"2"
					]
				}
			},
			"response": []
		}
	],
	"protocolProfileBehavior": {}
}