{
	"info": {
		"name": "Canciones",
		"_postman_id": "36d09715-63c3-cb0b-5427-30ba26bf56f3",
		"description": "",
		"schema": "https://schema.getpostman.com/json/collection/v2.1.0/collection.json"
	},
	"item": [
		{
			"name": "Artistas",
			"description": "",
			"item": [
				{
					"name": "POST /artistas",
					"request": {
						"method": "POST",
						"header": [
							{
								"key": "Content-Type",
								"value": "application/json"
							}
						],
						"body": {
							"mode": "raw",
							"raw": "{\"nombre\":\"Revólver\", \"nacionalidad\": \"España\"}"
						},
						"url": {
							"raw": "localhost:8080/artistas",
							"host": [
								"localhost"
							],
							"port": "8080",
							"path": [
								"artistas"
							]
						},
						"description": ""
					},
					"response": []
				},
				{
					"name": "GET /artistas",
					"request": {
						"method": "GET",
						"header": [],
						"body": {},
						"url": {
							"raw": "localhost:8080/artistas",
							"host": [
								"localhost"
							],
							"port": "8080",
							"path": [
								"artistas"
							]
						},
						"description": ""
					},
					"response": []
				},
				{
					"name": "GET /artistas/id",
					"request": {
						"method": "GET",
						"header": [],
						"body": {},
						"url": {
							"raw": "localhost:8080/artistas/1",
							"host": [
								"localhost"
							],
							"port": "8080",
							"path": [
								"artistas",
								"1"
							]
						},
						"description": ""
					},
					"response": []
				},
				{
					"name": "PUT /artistas",
					"request": {
						"method": "PUT",
						"header": [
							{
								"key": "Content-Type",
								"value": "application/json"
							}
						],
						"body": {
							"mode": "raw",
							"raw": "{\"nombre\": \"Revólver (Carlos Goñi)\", \"nacionalidad\": \"España\"}"
						},
						"url": {
							"raw": "localhost:8080/artistas/1",
							"host": [
								"localhost"
							],
							"port": "8080",
							"path": [
								"artistas",
								"1"
							]
						},
						"description": ""
					},
					"response": []
				},
				{
					"name": "DELETE /artistas",
					"request": {
						"method": "DELETE",
						"header": [],
						"body": {},
						"url": {
							"raw": "localhost:8080/artistas/2",
							"host": [
								"localhost"
							],
							"port": "8080",
							"path": [
								"artistas",
								"2"
							]
						},
						"description": ""
					},
					"response": []
				}
			]
		},
		{
			"name": "Canciones",
			"description": "",
			"item": [
				{
					"name": "POST /canciones",
					"request": {
						"method": "POST",
						"header": [
							{
								"key": "Content-Type",
								"value": "application/json"
							}
						],
						"body": {
							"mode": "raw",
							"raw": "{\"titulo\": \"El peligro\", \"duracion\": 245, \"album\": \"Básico 2\", \"artista\": 1}"
						},
						"url": {
							"raw": "localhost:8080/canciones",
							"host": [
								"localhost"
							],
							"port": "8080",
							"path": [
								"canciones"
							]
						},
						"description": ""
					},
					"response": []
				},
				{
					"name": "GET /canciones",
					"request": {
						"method": "GET",
						"header": [],
						"body": {},
						"url": {
							"raw": "localhost:8080/canciones",
							"host": [
								"localhost"
							],
							"port": "8080",
							"path": [
								"canciones"
							]
						},
						"description": ""
					},
					"response": []
				},
				{
					"name": "GET /canciones/id",
					"request": {
						"method": "GET",
						"header": [],
						"body": {},
						"url": {
							"raw": "localhost:8080/canciones/3",
							"host": [
								"localhost"
							],
							"port": "8080",
							"path": [
								"canciones",
								"3"
							]
						},
						"description": ""
					},
					"response": []
				},
				{
					"name": "PUT /canciones",
					"request": {
						"method": "PUT",
						"header": [
							{
								"key": "Content-Type",
								"value": "application/json"
							}
						],
						"body": {
							"mode": "raw",
							"raw": "{\"titulo\": \"Faro de Lisbora\", \"duracion\": 310, \"album\": \"San Pedro\"}"
						},
						"url": {
							"raw": "localhost:8080/canciones/1",
							"host": [
								"localhost"
							],
							"port": "8080",
							"path": [
								"canciones",
								"1"
							]
						},
						"description": ""
					},
					"response": []
				},
				{
					"name": "DELETE /canciones",
					"request": {
						"method": "DELETE",
						"header": [],
						"body": {},
						"url": {
							"raw": "localhost:8080/canciones/2",
							"host": [
								"localhost"
							],
							"port": "8080",
							"path": [
								"canciones",
								"2"
							]
						},
						"description": ""
					},
					"response": []
				}
			]
		}
	]
}