{
	"info": {
		"_postman_id": "14f603c5-acea-4ba1-88dd-91c94bcca53f",
		"name": "Libros",
		"schema": "https://schema.getpostman.com/json/collection/v2.1.0/collection.json"
	},
	"item": [
		{
			"name": "GET /libros",
			"request": {
				"method": "GET",
				"header": [],
				"url": {
					"raw": "localhost:8080/libros",
					"host": [
						"localhost"
					],
					"port": "8080",
					"path": [
						"libros"
					]
				}
			},
			"response": []
		},
		{
			"name": "GET /libros/:id",
			"request": {
				"method": "GET",
				"header": [],
				"url": {
					"raw": "localhost:8080/libros/5ac7e996c8b84402b70bb358",
					"host": [
						"localhost"
					],
					"port": "8080",
					"path": [
						"libros",
						"5ac7e996c8b84402b70bb358"
					]
				}
			},
			"response": []
		},
		{
			"name": "POST /libros",
			"request": {
				"method": "POST",
				"header": [
					{
						"key": "Content-Type",
						"value": "application/json"
					}
				],
				"body": {
					"mode": "raw",
					"raw": "{\"titulo\":\"La tabla de Flandes\", \"editorial\":\"Anagrama\", \"precio\":7.50}"
				},
				"url": {
					"raw": "localhost:8080/libros",
					"host": [
						"localhost"
					],
					"port": "8080",
					"path": [
						"libros"
					]
				}
			},
			"response": []
		},
		{
			"name": "PUT /libros/:id",
			"request": {
				"method": "PUT",
				"header": [
					{
						"key": "Content-Type",
						"value": "application/json"
					}
				],
				"body": {
					"mode": "raw",
					"raw": "{\"titulo\":\"Libro para modificar\", \"editorial\":\"Kalandraka\", \"precio\": 10.15}"
				},
				"url": {
					"raw": "localhost:8080/libros/5ac7e996c8b84402b70bb358",
					"host": [
						"localhost"
					],
					"port": "8080",
					"path": [
						"libros",
						"5ac7e996c8b84402b70bb358"
					]
				}
			},
			"response": []
		},
		{
			"name": "DELETE /libros/:id",
			"request": {
				"method": "DELETE",
				"header": [],
				"url": {
					"raw": "localhost:8080/libros/5ac7e996c8b84402b70bb358",
					"host": [
						"localhost"
					],
					"port": "8080",
					"path": [
						"libros",
						"5ac7e996c8b84402b70bb358"
					]
				}
			},
			"response": []
		},
		{
			"name": "GET /autores",
			"request": {
				"method": "GET",
				"header": [],
				"url": {
					"raw": "localhost:8080/autores",
					"host": [
						"localhost"
					],
					"port": "8080",
					"path": [
						"autores"
					]
				}
			},
			"response": []
		},
		{
			"name": "POST /autores",
			"request": {
				"method": "POST",
				"header": [
					{
						"key": "Content-Type",
						"name": "Content-Type",
						"value": "application/json",
						"type": "text"
					}
				],
				"body": {
					"mode": "raw",
					"raw": "{\"nombre\":\"Arturo Pérez Reverte\", \"anyoNacimiento\": 1955}"
				},
				"url": {
					"raw": "localhost:8080/autores",
					"host": [
						"localhost"
					],
					"port": "8080",
					"path": [
						"autores"
					]
				}
			},
			"response": []
		},
		{
			"name": "DELETE /autores",
			"request": {
				"method": "DELETE",
				"header": [],
				"url": {
					"raw": "localhost:8080/autores/5d7ac9b822f62c1b62d3cad5",
					"host": [
						"localhost"
					],
					"port": "8080",
					"path": [
						"autores",
						"5d7ac9b822f62c1b62d3cad5"
					]
				}
			},
			"response": []
		}
	]
}