{
	"info": {
		"name": "Libros",
		"_postman_id": "a5d6af1d-f062-993e-4de9-a812fa089408",
		"description": "",
		"schema": "https://schema.getpostman.com/json/collection/v2.1.0/collection.json"
	},
	"item": [
		{
			"name": "GET /libros",
			"request": {
				"method": "GET",
				"header": [],
				"body": {
					"mode": "raw",
					"raw": ""
				},
				"url": {
					"raw": "localhost:8080/libros",
					"host": [
						"localhost"
					],
					"port": "8080",
					"path": [
						"libros"
					]
				}
			},
			"response": []
		},
		{
			"name": "GET /libros/:id",
			"request": {
				"method": "GET",
				"header": [],
				"body": {
					"mode": "raw",
					"raw": ""
				},
				"url": {
					"raw": "localhost:8080/libros/5ac7e996c8b84402b70bb358",
					"host": [
						"localhost"
					],
					"port": "8080",
					"path": [
						"libros",
						"5ac7e996c8b84402b70bb358"
					]
				}
			},
			"response": []
		},
		{
			"name": "POST /libros",
			"request": {
				"auth": {
					"type": "bearer",
					"bearer": [
						{
							"key": "token",
							"value": "eyJhbGciOiJIUzI1NiIsInR5cCI6IkpXVCJ9.eyJsb2dpbiI6Im5hY2hvIiwiaWF0IjoxNTcwODEwNTYwLCJleHAiOjE1NzA4MTc3NjB9.7MjicjKCmrpD4V4QR6eqQ88p7UVNU28SCr12bvQH4Go",
							"type": "string"
						}
					]
				},
				"method": "POST",
				"header": [
					{
						"key": "Content-Type",
						"value": "application/json"
					}
				],
				"body": {
					"mode": "raw",
					"raw": "{\"titulo\":\"La tabla de Flandes\", \"editorial\":\"Anagrama\", \"precio\":7.50}"
				},
				"url": {
					"raw": "localhost:8080/libros",
					"host": [
						"localhost"
					],
					"port": "8080",
					"path": [
						"libros"
					]
				}
			},
			"response": []
		},
		{
			"name": "PUT /libros/:id",
			"request": {
				"auth": {
					"type": "bearer",
					"bearer": [
						{
							"key": "token",
							"value": "eyJhbGciOiJIUzI1NiIsInR5cCI6IkpXVCJ9.eyJsb2dpbiI6Im5hY2hvIiwiaWF0IjoxNTcwODEwNTYwLCJleHAiOjE1NzA4MTc3NjB9.7MjicjKCmrpD4V4QR6eqQ88p7UVNU28SCr12bvQH4Go",
							"type": "string"
						}
					]
				},
				"method": "PUT",
				"header": [
					{
						"key": "Content-Type",
						"value": "application/json"
					}
				],
				"body": {
					"mode": "raw",
					"raw": "{\"titulo\":\"Libro para modificar\", \"editorial\":\"Kalandraka\", \"precio\": 10.15}"
				},
				"url": {
					"raw": "localhost:8080/libros/5ac7e996c8b84402b70bb358",
					"host": [
						"localhost"
					],
					"port": "8080",
					"path": [
						"libros",
						"5ac7e996c8b84402b70bb358"
					]
				}
			},
			"response": []
		},
		{
			"name": "DELETE /libros/:id",
			"request": {
				"auth": {
					"type": "bearer",
					"bearer": [
						{
							"key": "token",
							"value": "eyJhbGciOiJIUzI1NiIsInR5cCI6IkpXVCJ9.eyJsb2dpbiI6Im5hY2hvIiwiaWF0IjoxNTcwODEwNTYwLCJleHAiOjE1NzA4MTc3NjB9.7MjicjKCmrpD4V4QR6eqQ88p7UVNU28SCr12bvQH4Go",
							"type": "string"
						}
					]
				},
				"method": "DELETE",
				"header": [],
				"body": {},
				"url": {
					"raw": "localhost:8080/libros/5ac7e996c8b84402b70bb358",
					"host": [
						"localhost"
					],
					"port": "8080",
					"path": [
						"libros",
						"5ac7e996c8b84402b70bb358"
					]
				}
			},
			"response": []
		},
		{
			"name": "GET /autores",
			"request": {
				"method": "GET",
				"header": [],
				"body": {
					"mode": "raw",
					"raw": ""
				},
				"url": {
					"raw": "localhost:8080/autores",
					"host": [
						"localhost"
					],
					"port": "8080",
					"path": [
						"autores"
					]
				}
			},
			"response": []
		},
		{
			"name": "POST /autores",
			"request": {
				"method": "POST",
				"header": [
					{
						"key": "Content-Type",
						"name": "Content-Type",
						"value": "application/json",
						"type": "text"
					}
				],
				"body": {
					"mode": "raw",
					"raw": "{\"nombre\":\"Arturo Pérez Reverte\", \"anyoNacimiento\": 1955}"
				},
				"url": {
					"raw": "localhost:8080/autores",
					"host": [
						"localhost"
					],
					"port": "8080",
					"path": [
						"autores"
					]
				}
			},
			"response": []
		},
		{
			"name": "DELETE /autores",
			"request": {
				"method": "DELETE",
				"header": [],
				"body": {
					"mode": "raw",
					"raw": ""
				},
				"url": {
					"raw": "localhost:8080/autores/5d7ac9b822f62c1b62d3cad5",
					"host": [
						"localhost"
					],
					"port": "8080",
					"path": [
						"autores",
						"5d7ac9b822f62c1b62d3cad5"
					]
				}
			},
			"response": []
		},
		{
			"name": "POST /login",
			"request": {
				"method": "POST",
				"header": [
					{
						"key": "Content-Type",
						"value": "application/json"
					}
				],
				"body": {
					"mode": "raw",
					"raw": "{\"usuario\":\"nacho\", \"password\":\"12345\"}"
				},
				"url": {
					"raw": "localhost:8080/login",
					"host": [
						"localhost"
					],
					"port": "8080",
					"path": [
						"login"
					]
				},
				"description": ""
			},
			"response": []
		}
	]
}